{"../data/boegen/Bogen17.jpg": {"rot_matrix": [[0.9999572580911886, 0.009245647124603247], [-0.009245647124603247, 0.9999572580911886]], "translation": [-29.08842400749859, 16.078570547770823]}, "../data/boegen/Bogen5.jpg": {"rot_matrix": [[0.999999945023777, 0.00033159077682655484], [-0.00033159077682655495, 0.9999999450237769]], "translation": [-2.023900350338863, 6.078961474821426]}, "../data/boegen/Bogen12.jpg": {"rot_matrix": [[0.9999952443669566, -0.0030840303938801], [0.0030840303938801, 0.9999952443669565]], "translation": [0.6526714594640453, -6.634879954059215]}, "../data/boegen/Bogen6.jpg": {"rot_matrix": [[0.9999999449598713, 0.000331783444017568], [-0.00033178344401756777, 0.9999999449598715]], "translation": [-2.52370699841822, 7.579463733718512]}, "../data/boegen/Bogen16.jpg": {"rot_matrix": [[0.9999563132382614, 0.009347278477952099], [-0.009347278477952102, 0.9999563132382615]], "translation": [-25.717723822436938, 19.475955770566998]}, "../data/boegen/Bogen7.jpg": {"rot_matrix": [[0.9999999450102274, 0.0003316316372428046], [-0.00033163163724280457, 0.9999999450102273]], "translation": [3.976532221159914, 7.577042955996831]}, "../data/boegen/Bogen23.jpg": {"rot_matrix": [[0.9999355194128569, 0.011355924292657398], [-0.011355924292657398, 0.9999355194128567]], "translation": [-31.615910264152035, 22.565803796086357]}, "../data/boegen/Bogen9.jpg": {"rot_matrix": [[0.9999993215305228, -0.0011648770293169331], [0.001164877029316933, 0.9999993215305228]], "translation": [-13.651019875583415, -2.548816130132309]}, "../data/boegen/Bogen18.jpg": {"rot_matrix": [[0.9999748689047355, 0.007089538698558594], [-0.007089538698558594, 0.9999748689047353]], "translation": [-28.960361694105814, 10.781662800592812]}, "../data/boegen/Bogen24.jpg": {"rot_matrix": [[0.9999968607338126, 0.0025056980105199536], [-0.002505698010519954, 0.9999968607338127]], "translation": [-23.699080219548478, 11.925005837417302]}, "../data/boegen/Bogen4.jpg": {"rot_matrix": [[0.9999999862798884, 0.00016565090870167387], [-0.00016565090870167398, 0.9999999862798885]], "translation": [1.98800557559548, 4.288585584744624]}, "../data/boegen/Bogen26.jpg": {"rot_matrix": [[0.9999984721811136, -0.0017480375964380116], [0.001748037596438011, 0.9999984721811137]], "translation": [-23.736269231132837, 3.157075616038128]}, "../data/boegen/Bogen27.jpg": {"rot_matrix": [[0.9999923103613176, 0.003921634638040905], [-0.003921634638040906, 0.9999923103613177]], "translation": [-21.95617877185191, 6.664272729901995]}, "../data/boegen/Bogen8.jpg": {"rot_matrix": [[0.9999878442399621, 0.004930656377541421], [-0.004930656377541422, 0.9999878442399623]], "translation": [-11.27412250328689, 13.386772940467608]}, "../data/boegen/Bogen20.jpg": {"rot_matrix": [[0.9999204435179266, 0.012613747853553191], [-0.012613747853553191, 0.9999204435179269]], "translation": [-29.09067430871255, 23.994224328809196]}, "../data/boegen/Bogen14.jpg": {"rot_matrix": [[0.9999968673359283, -0.002503061791007197], [0.0025030617910071964, 0.9999968673359283]], "translation": [2.457177650855783, 2.6352255717524713]}, "../data/boegen/Bogen13.jpg": {"rot_matrix": [[0.9999968702636904, -0.002501891848776617], [0.002501891848776618, 0.9999968702636909]], "translation": [-6.03714222827648, -0.38399331530945346]}, "../data/boegen/Bogen19.jpg": {"rot_matrix": [[0.9999741727403354, 0.007187061449726347], [-0.007187061449726347, 0.9999741727403355]], "translation": [-28.0582785209358, 18.69721582642319]}, "../data/boegen/Bogen3.jpg": {"rot_matrix": [[0.9999999136804056, 0.00041549871519639753], [-0.0004154987151963976, 0.9999999136804053]], "translation": [3.3417925034452765, 1.973208412518261]}, "../data/boegen/Bogen10.jpg": {"rot_matrix": [[0.9999994146882615, 0.0010819533879982011], [-0.0010819533879982016, 0.9999994146882615]], "translation": [-9.465493583893249, 1.146510932846013]}, "../data/boegen/Bogen15.jpg": {"rot_matrix": [[0.999995231767411, -0.0030881130876291925], [0.0030881130876291925, 0.9999952317674111]], "translation": [-0.8701571972342208, 2.853323983557857]}, "../data/boegen/Bogen1.jpg": {"rot_matrix": [[0.9999999999999994, 5.443105317002214e-20], [6.495908708107897e-20, 0.9999999999999997]], "translation": [9.094947017729282e-13, 4.547473508864641e-13]}, "../data/boegen/Bogen25.jpg": {"rot_matrix": [[0.9999954771801994, 0.003007593580396275], [-0.003007593580396275, 0.9999954771801992]], "translation": [-23.99778135628344, 9.811042987838846]}, "../data/boegen/Bogen28.jpg": {"rot_matrix": [[0.9999992152586626, 0.0012527897106598366], [-0.0012527897106598366, 0.9999992152586628]], "translation": [-20.233662189933284, 3.459285287686953]}, "../data/boegen/Bogen11.jpg": {"rot_matrix": [[0.9999986108291296, -0.0016668352680092177], [0.0016668352680092174, 0.9999986108291293]], "translation": [-1.352720520512321, -3.9118404904179442]}, "../data/boegen/Bogen22.jpg": {"rot_matrix": [[0.9999665212195593, 0.00818269149196232], [-0.008182691491962322, 0.9999665212195593]], "translation": [-28.384057983530965, 18.452446413942653]}, "../data/boegen/Bogen21.jpg": {"rot_matrix": [[0.9999658785354953, 0.008260857384933866], [-0.008260857384933868, 0.9999658785354956]], "translation": [-26.516960236117256, 17.32453634667786]}, "../data/boegen/Bogen2.jpg": {"rot_matrix": [[0.9999994145267792, -0.0010821026288601939], [0.0010821026288601939, 0.9999994145267793]], "translation": [-6.035464738117071, 0.35508329108188263]}}